<?xml version="1.0"?>
<extension type="component" version="1.6.0" method="upgrade">
    <name>com_storecable</name>
    <author>Саламатов Дмитрий Викторович</author>
    <authorEmail>dimasalam@yandex.ru</authorEmail>
    <authorUrl>http://kretex.ru</authorUrl>
    <copyright></copyright>
    <license></license>
    <version>1.0</version>
    <description>COM_STORECABLE_DESC</description>
    <creationDate>27 May 2016</creationDate>
    <administration>
        <menu>COM_STORECABLE</menu>
        <submenu>
			<menu link="option=com_storecable&amp;view=adminsellers" view="adminsellers">COM_STORE_CABLE_KONTRAGENT</menu>
            <menu link="option=com_storecable&amp;view=adminsettings" view="adminsettings">COM_STORE_CABLE_SETTINGS</menu>
        </submenu>
    </administration>
</extension>